[{"name":"process_name","ph":"M","pid":1,"args":{"name":"GPU"}},
{"name":"process_name","ph":"M","pid":2,"args":{"name":"CPU"}},
{"name":"Shader Compilation","ph":"X","ts":79870150696,"dur":38084,"pid":2,"tid":0},
{"name":"overlay_viewer_attribute_curves","ph":"X","ts":79870150696,"dur":38084,"pid":2,"tid":0},
{"name":"Shader Compilation","ph":"X","ts":79870150638,"dur":38140,"pid":2,"tid":1},
{"name":"overlay_armature_wire","ph":"X","ts":79870150638,"dur":38140,"pid":2,"tid":1},
{"name":"Shader Compilation","ph":"X","ts":79870150708,"dur":39281,"pid":2,"tid":2},
{"name":"overlay_viewer_attribute_mesh","ph":"X","ts":79870150708,"dur":39281,"pid":2,"tid":2},
{"name":"Shader Compilation","ph":"X","ts":79870150446,"dur":42255,"pid":2,"tid":3},
{"name":"overlay_armature_envelope_solid","ph":"X","ts":79870150446,"dur":42255,"pid":2,"tid":3},
{"name":"Shader Compilation","ph":"X","ts":79870150463,"dur":42529,"pid":2,"tid":4},
{"name":"overlay_armature_envelope_outline","ph":"X","ts":79870150463,"dur":42529,"pid":2,"tid":4},
{"name":"Shader Compilation","ph":"X","ts":79870150581,"dur":43629,"pid":2,"tid":5},
{"name":"overlay_armature_sphere_solid","ph":"X","ts":79870150581,"dur":43629,"pid":2,"tid":5},
{"name":"Shader Compilation","ph":"X","ts":79870150438,"dur":44218,"pid":2,"tid":6},
{"name":"overlay_armature_dof","ph":"X","ts":79870150438,"dur":44218,"pid":2,"tid":6},
{"name":"Shader Compilation","ph":"X","ts":79870150500,"dur":44506,"pid":2,"tid":7},
{"name":"overlay_armature_shape_solid","ph":"X","ts":79870150500,"dur":44506,"pid":2,"tid":7},
{"name":"Shader Compilation","ph":"X","ts":79870150662,"dur":45195,"pid":2,"tid":8},
{"name":"overlay_viewer_attribute_curve","ph":"X","ts":79870150662,"dur":45195,"pid":2,"tid":8},
{"name":"Shader Compilation","ph":"X","ts":79870150542,"dur":45786,"pid":2,"tid":9},
{"name":"overlay_armature_shape_wire_strip","ph":"X","ts":79870150542,"dur":45786,"pid":2,"tid":9},
{"name":"Shader Compilation","ph":"X","ts":79870150629,"dur":45783,"pid":2,"tid":10},
{"name":"overlay_armature_stick","ph":"X","ts":79870150629,"dur":45783,"pid":2,"tid":10},
{"name":"Shader Compilation","ph":"X","ts":79870150416,"dur":46052,"pid":2,"tid":11},
{"name":"overlay_antialiasing","ph":"X","ts":79870150416,"dur":46052,"pid":2,"tid":11},
{"name":"Shader Compilation","ph":"X","ts":79870150721,"dur":46150,"pid":2,"tid":12},
{"name":"overlay_viewer_attribute_pointcloud","ph":"X","ts":79870150721,"dur":46150,"pid":2,"tid":12},
{"name":"Shader Compilation","ph":"X","ts":79870150609,"dur":47005,"pid":2,"tid":13},
{"name":"overlay_armature_sphere_outline","ph":"X","ts":79870150609,"dur":47005,"pid":2,"tid":13},
{"name":"Shader Compilation","ph":"X","ts":79870150566,"dur":49288,"pid":2,"tid":14},
{"name":"overlay_armature_shape_wire","ph":"X","ts":79870150566,"dur":49288,"pid":2,"tid":14},
{"name":"Shader Compilation","ph":"X","ts":79870150506,"dur":49997,"pid":2,"tid":15},
{"name":"overlay_armature_shape_outline","ph":"X","ts":79870150506,"dur":49997,"pid":2,"tid":15},
{"name":"Shader Compilation","ph":"X","ts":79870189523,"dur":35671,"pid":2,"tid":1},
{"name":"overlay_edit_curves_handle","ph":"X","ts":79870189523,"dur":35671,"pid":2,"tid":1},
{"name":"Shader Compilation","ph":"X","ts":79870190001,"dur":37271,"pid":2,"tid":2},
{"name":"overlay_edit_particle_strand","ph":"X","ts":79870190001,"dur":37271,"pid":2,"tid":2},
{"name":"Shader Compilation","ph":"X","ts":79870193015,"dur":38429,"pid":2,"tid":4},
{"name":"overlay_depth_curves","ph":"X","ts":79870193015,"dur":38429,"pid":2,"tid":4},
{"name":"Shader Compilation","ph":"X","ts":79870195870,"dur":36009,"pid":2,"tid":8},
{"name":"overlay_extra_grid","ph":"X","ts":79870195870,"dur":36009,"pid":2,"tid":8},
{"name":"Shader Compilation","ph":"X","ts":79870189383,"dur":43927,"pid":2,"tid":0},
{"name":"overlay_background","ph":"X","ts":79870189383,"dur":43927,"pid":2,"tid":0},
{"name":"Shader Compilation","ph":"X","ts":79870195029,"dur":39401,"pid":2,"tid":7},
{"name":"overlay_depth_pointcloud","ph":"X","ts":79870195029,"dur":39401,"pid":2,"tid":7},
{"name":"Shader Compilation","ph":"X","ts":79870194663,"dur":44419,"pid":2,"tid":6},
{"name":"overlay_depth_mesh","ph":"X","ts":79870194663,"dur":44419,"pid":2,"tid":6},
{"name":"Shader Compilation","ph":"X","ts":79870196475,"dur":42873,"pid":2,"tid":11},
{"name":"overlay_extra_point","ph":"X","ts":79870196475,"dur":42873,"pid":2,"tid":11},
{"name":"Shader Compilation","ph":"X","ts":79870192731,"dur":46716,"pid":2,"tid":3},
{"name":"overlay_edit_curves_point","ph":"X","ts":79870192731,"dur":46716,"pid":2,"tid":3},
{"name":"Shader Compilation","ph":"X","ts":79870196878,"dur":42718,"pid":2,"tid":12},
{"name":"overlay_extra","ph":"X","ts":79870196878,"dur":42718,"pid":2,"tid":12},
{"name":"Shader Compilation","ph":"X","ts":79870197621,"dur":42203,"pid":2,"tid":13},
{"name":"overlay_extra_wire_object","ph":"X","ts":79870197621,"dur":42203,"pid":2,"tid":13},
{"name":"Shader Compilation","ph":"X","ts":79870194225,"dur":45603,"pid":2,"tid":5},
{"name":"overlay_depth_gpencil","ph":"X","ts":79870194225,"dur":45603,"pid":2,"tid":5},
{"name":"Shader Compilation","ph":"X","ts":79870200520,"dur":39452,"pid":2,"tid":15},
{"name":"overlay_volume_gridlines_flags","ph":"X","ts":79870200520,"dur":39452,"pid":2,"tid":15},
{"name":"Shader Compilation","ph":"X","ts":79870196339,"dur":44333,"pid":2,"tid":9},
{"name":"overlay_extra_groundline","ph":"X","ts":79870196339,"dur":44333,"pid":2,"tid":9},
{"name":"Shader Compilation","ph":"X","ts":79870196428,"dur":52551,"pid":2,"tid":10},
{"name":"overlay_extra_loose_point","ph":"X","ts":79870196428,"dur":52551,"pid":2,"tid":10},
{"name":"Shader Compilation","ph":"X","ts":79870227286,"dur":31146,"pid":2,"tid":2},
{"name":"overlay_volume_gridlines_range","ph":"X","ts":79870227286,"dur":31146,"pid":2,"tid":2},
{"name":"Shader Compilation","ph":"X","ts":79870199880,"dur":59486,"pid":2,"tid":14},
{"name":"overlay_extra_wire","ph":"X","ts":79870199880,"dur":59486,"pid":2,"tid":14},
{"name":"Shader Compilation","ph":"X","ts":79870225209,"dur":34795,"pid":2,"tid":1},
{"name":"overlay_volume_gridlines_flat","ph":"X","ts":79870225209,"dur":34795,"pid":2,"tid":1},
{"name":"Shader Compilation","ph":"X","ts":79870231891,"dur":37659,"pid":2,"tid":8},
{"name":"overlay_volume_velocity_needle","ph":"X","ts":79870231891,"dur":37659,"pid":2,"tid":8},
{"name":"Shader Compilation","ph":"X","ts":79870233323,"dur":36565,"pid":2,"tid":0},
{"name":"overlay_volume_velocity_streamline","ph":"X","ts":79870233323,"dur":36565,"pid":2,"tid":0},
{"name":"Shader Compilation","ph":"X","ts":79870240680,"dur":36175,"pid":2,"tid":9},
{"name":"overlay_edit_mesh_analysis","ph":"X","ts":79870240680,"dur":36175,"pid":2,"tid":9},
{"name":"Shader Compilation","ph":"X","ts":79870239830,"dur":37302,"pid":2,"tid":13},
{"name":"overlay_edit_curve_point","ph":"X","ts":79870239830,"dur":37302,"pid":2,"tid":13},
{"name":"Shader Compilation","ph":"X","ts":79870239453,"dur":37694,"pid":2,"tid":3},
{"name":"overlay_edit_lattice_wire","ph":"X","ts":79870239453,"dur":37694,"pid":2,"tid":3},
{"name":"Shader Compilation","ph":"X","ts":79870239361,"dur":38095,"pid":2,"tid":11},
{"name":"overlay_edit_lattice_point","ph":"X","ts":79870239361,"dur":38095,"pid":2,"tid":11},
{"name":"Shader Compilation","ph":"X","ts":79870239328,"dur":39452,"pid":2,"tid":6},
{"name":"overlay_image_depth_bias","ph":"X","ts":79870239328,"dur":39452,"pid":2,"tid":6},
{"name":"Shader Compilation","ph":"X","ts":79870239835,"dur":39021,"pid":2,"tid":5},
{"name":"overlay_edit_curve_wire","ph":"X","ts":79870239835,"dur":39021,"pid":2,"tid":5},
{"name":"Shader Compilation","ph":"X","ts":79870234444,"dur":45438,"pid":2,"tid":7},
{"name":"overlay_grid_next","ph":"X","ts":79870234444,"dur":45438,"pid":2,"tid":7},
{"name":"Shader Compilation","ph":"X","ts":79870231458,"dur":48518,"pid":2,"tid":4},
{"name":"overlay_volume_velocity_mac","ph":"X","ts":79870231458,"dur":48518,"pid":2,"tid":4},
{"name":"Shader Compilation","ph":"X","ts":79870239603,"dur":47869,"pid":2,"tid":12},
{"name":"overlay_edit_curve_handle","ph":"X","ts":79870239603,"dur":47869,"pid":2,"tid":12},
{"name":"Shader Compilation","ph":"X","ts":79870248993,"dur":42228,"pid":2,"tid":10},
{"name":"overlay_edit_mesh_depth","ph":"X","ts":79870248993,"dur":42228,"pid":2,"tid":10},
{"name":"Shader Compilation","ph":"X","ts":79870269684,"dur":23087,"pid":2,"tid":8},
{"name":"overlay_edit_mesh_skin_root","ph":"X","ts":79870269684,"dur":23087,"pid":2,"tid":8},
{"name":"Shader Compilation","ph":"X","ts":79870258448,"dur":38349,"pid":2,"tid":2},
{"name":"overlay_edit_mesh_edge","ph":"X","ts":79870258448,"dur":38349,"pid":2,"tid":2},
{"name":"Shader Compilation","ph":"X","ts":79870259475,"dur":38004,"pid":2,"tid":14},
{"name":"overlay_edit_mesh_face","ph":"X","ts":79870259475,"dur":38004,"pid":2,"tid":14},
{"name":"Shader Compilation","ph":"X","ts":79870260011,"dur":37571,"pid":2,"tid":1},
{"name":"overlay_edit_mesh_facedot","ph":"X","ts":79870260011,"dur":37571,"pid":2,"tid":1},
{"name":"Shader Compilation","ph":"X","ts":79870239978,"dur":58582,"pid":2,"tid":15},
{"name":"overlay_extra_spot_cone","ph":"X","ts":79870239978,"dur":58582,"pid":2,"tid":15},
{"name":"Shader Compilation","ph":"X","ts":79870292782,"dur":13960,"pid":2,"tid":8},
{"name":"overlay_edit_particle_strand","ph":"X","ts":79870292782,"dur":13960,"pid":2,"tid":8},
{"name":"Shader Compilation","ph":"X","ts":79870269896,"dur":39263,"pid":2,"tid":0},
{"name":"overlay_edit_mesh_vert","ph":"X","ts":79870269896,"dur":39263,"pid":2,"tid":0},
{"name":"Shader Compilation","ph":"X","ts":79870277465,"dur":36352,"pid":2,"tid":11},
{"name":"overlay_outline_prepass_curves","ph":"X","ts":79870277465,"dur":36352,"pid":2,"tid":11},
{"name":"Shader Compilation","ph":"X","ts":79870279893,"dur":34659,"pid":2,"tid":7},
{"name":"overlay_outline_prepass_pointcloud","ph":"X","ts":79870279893,"dur":34659,"pid":2,"tid":7},
{"name":"Shader Compilation","ph":"X","ts":79870277146,"dur":37619,"pid":2,"tid":13},
{"name":"overlay_motion_path_point","ph":"X","ts":79870277146,"dur":37619,"pid":2,"tid":13},
{"name":"Shader Compilation","ph":"X","ts":79870278866,"dur":36210,"pid":2,"tid":5},
{"name":"overlay_outline_prepass_mesh","ph":"X","ts":79870278866,"dur":36210,"pid":2,"tid":5},
{"name":"Shader Compilation","ph":"X","ts":79870279983,"dur":39775,"pid":2,"tid":4},
{"name":"overlay_outline_prepass_wire","ph":"X","ts":79870279983,"dur":39775,"pid":2,"tid":4},
{"name":"Shader Compilation","ph":"X","ts":79870276871,"dur":43325,"pid":2,"tid":9},
{"name":"overlay_motion_path_line","ph":"X","ts":79870276871,"dur":43325,"pid":2,"tid":9},
{"name":"Shader Compilation","ph":"X","ts":79870296813,"dur":24571,"pid":2,"tid":2},
{"name":"overlay_edit_particle_point","ph":"X","ts":79870296813,"dur":24571,"pid":2,"tid":2},
{"name":"Shader Compilation","ph":"X","ts":79870277154,"dur":46551,"pid":2,"tid":3},
{"name":"overlay_outline_detect","ph":"X","ts":79870277154,"dur":46551,"pid":2,"tid":3},
{"name":"Shader Compilation","ph":"X","ts":79870278790,"dur":45731,"pid":2,"tid":6},
{"name":"overlay_outline_prepass_gpencil","ph":"X","ts":79870278790,"dur":45731,"pid":2,"tid":6},
{"name":"Shader Compilation","ph":"X","ts":79870298572,"dur":32892,"pid":2,"tid":15},
{"name":"overlay_edit_pointcloud","ph":"X","ts":79870298572,"dur":32892,"pid":2,"tid":15},
{"name":"Shader Compilation","ph":"X","ts":79870291318,"dur":40232,"pid":2,"tid":10},
{"name":"overlay_particle_dot","ph":"X","ts":79870291318,"dur":40232,"pid":2,"tid":10},
{"name":"Shader Compilation","ph":"X","ts":79870297586,"dur":34940,"pid":2,"tid":1},
{"name":"overlay_particle_shape","ph":"X","ts":79870297586,"dur":34940,"pid":2,"tid":1},
{"name":"Shader Compilation","ph":"X","ts":79870297488,"dur":35059,"pid":2,"tid":14},
{"name":"overlay_particle_hair","ph":"X","ts":79870297488,"dur":35059,"pid":2,"tid":14},
{"name":"Shader Compilation","ph":"X","ts":79870287487,"dur":45263,"pid":2,"tid":12},
{"name":"overlay_paint_weight_fake_shading","ph":"X","ts":79870287487,"dur":45263,"pid":2,"tid":12},
{"name":"Shader Compilation","ph":"X","ts":79870306760,"dur":30042,"pid":2,"tid":8},
{"name":"overlay_uniform_color","ph":"X","ts":79870306760,"dur":30042,"pid":2,"tid":8},
{"name":"Shader Compilation","ph":"X","ts":79870313830,"dur":31043,"pid":2,"tid":11},
{"name":"overlay_wireframe","ph":"X","ts":79870313830,"dur":31043,"pid":2,"tid":11},
{"name":"Shader Compilation","ph":"X","ts":79870309173,"dur":36330,"pid":2,"tid":0},
{"name":"overlay_wireframe_curve","ph":"X","ts":79870309173,"dur":36330,"pid":2,"tid":0},
{"name":"Shader Compilation","ph":"X","ts":79870314565,"dur":36900,"pid":2,"tid":7},
{"name":"overlay_wireframe_points","ph":"X","ts":79870314565,"dur":36900,"pid":2,"tid":7},
{"name":"Shader Compilation","ph":"X","ts":79911548301,"dur":6946,"pid":2,"tid":0},
{"name":"overlay_viewer_attribute_pointcloud","ph":"X","ts":79911548301,"dur":6946,"pid":2,"tid":0},
{"name":"Shader Compilation","ph":"X","ts":79911555267,"dur":6527,"pid":2,"tid":0},
{"name":"overlay_background","ph":"X","ts":79911555267,"dur":6527,"pid":2,"tid":0},
{"name":"Shader Compilation","ph":"X","ts":79911548236,"dur":14440,"pid":2,"tid":12},
{"name":"overlay_viewer_attribute_mesh","ph":"X","ts":79911548236,"dur":14440,"pid":2,"tid":12},
{"name":"Shader Compilation","ph":"X","ts":79911548167,"dur":14544,"pid":2,"tid":13},
{"name":"overlay_antialiasing","ph":"X","ts":79911548167,"dur":14544,"pid":2,"tid":13},
{"name":"Shader Compilation","ph":"X","ts":79911548229,"dur":14648,"pid":2,"tid":8},
{"name":"overlay_viewer_attribute_curve","ph":"X","ts":79911548229,"dur":14648,"pid":2,"tid":8},
{"name":"Shader Compilation","ph":"X","ts":79911548230,"dur":23769,"pid":2,"tid":7},
{"name":"overlay_viewer_attribute_curves","ph":"X","ts":79911548230,"dur":23769,"pid":2,"tid":7},
{"name":"Shader Compilation","ph":"X","ts":79911548169,"dur":23975,"pid":2,"tid":5},
{"name":"overlay_armature_dof","ph":"X","ts":79911548169,"dur":23975,"pid":2,"tid":5},
{"name":"Shader Compilation","ph":"X","ts":79911562691,"dur":10410,"pid":2,"tid":12},
{"name":"overlay_edit_particle_strand","ph":"X","ts":79911562691,"dur":10410,"pid":2,"tid":12},
{"name":"Shader Compilation","ph":"X","ts":79911561812,"dur":12615,"pid":2,"tid":0},
{"name":"overlay_edit_curves_handle","ph":"X","ts":79911561812,"dur":12615,"pid":2,"tid":0},
{"name":"Shader Compilation","ph":"X","ts":79911562723,"dur":17226,"pid":2,"tid":13},
{"name":"overlay_edit_curves_point","ph":"X","ts":79911562723,"dur":17226,"pid":2,"tid":13},
{"name":"Shader Compilation","ph":"X","ts":79911548213,"dur":41653,"pid":2,"tid":1},
{"name":"overlay_armature_sphere_outline_selectable","ph":"X","ts":79911548213,"dur":41653,"pid":2,"tid":1},
{"name":"Shader Compilation","ph":"X","ts":79911548173,"dur":42825,"pid":2,"tid":4},
{"name":"overlay_armature_envelope_solid_selectable","ph":"X","ts":79911548173,"dur":42825,"pid":2,"tid":4},
{"name":"Shader Compilation","ph":"X","ts":79911548187,"dur":43358,"pid":2,"tid":2},
{"name":"overlay_armature_shape_solid_selectable","ph":"X","ts":79911548187,"dur":43358,"pid":2,"tid":2},
{"name":"Shader Compilation","ph":"X","ts":79911548206,"dur":43718,"pid":2,"tid":10},
{"name":"overlay_armature_sphere_solid_selectable","ph":"X","ts":79911548206,"dur":43718,"pid":2,"tid":10},
{"name":"Shader Compilation","ph":"X","ts":79911548185,"dur":43791,"pid":2,"tid":9},
{"name":"overlay_armature_envelope_outline_selectable","ph":"X","ts":79911548185,"dur":43791,"pid":2,"tid":9},
{"name":"Shader Compilation","ph":"X","ts":79911548201,"dur":43921,"pid":2,"tid":15},
{"name":"overlay_armature_shape_wire_selectable","ph":"X","ts":79911548201,"dur":43921,"pid":2,"tid":15},
{"name":"Shader Compilation","ph":"X","ts":79911548226,"dur":44466,"pid":2,"tid":11},
{"name":"overlay_armature_wire_selectable","ph":"X","ts":79911548226,"dur":44466,"pid":2,"tid":11},
{"name":"Shader Compilation","ph":"X","ts":79911548191,"dur":45556,"pid":2,"tid":3},
{"name":"overlay_armature_shape_outline_selectable","ph":"X","ts":79911548191,"dur":45556,"pid":2,"tid":3},
{"name":"Shader Compilation","ph":"X","ts":79911548220,"dur":51158,"pid":2,"tid":14},
{"name":"overlay_armature_stick_selectable","ph":"X","ts":79911548220,"dur":51158,"pid":2,"tid":14},
{"name":"Shader Compilation","ph":"X","ts":79911562890,"dur":37163,"pid":2,"tid":8},
{"name":"overlay_depth_curves_selectable","ph":"X","ts":79911562890,"dur":37163,"pid":2,"tid":8},
{"name":"Shader Compilation","ph":"X","ts":79911548198,"dur":51981,"pid":2,"tid":6},
{"name":"overlay_armature_shape_wire_strip_selectable","ph":"X","ts":79911548198,"dur":51981,"pid":2,"tid":6},
{"name":"Shader Compilation","ph":"X","ts":79911573111,"dur":37177,"pid":2,"tid":12},
{"name":"overlay_depth_pointcloud_selectable","ph":"X","ts":79911573111,"dur":37177,"pid":2,"tid":12},
{"name":"Shader Compilation","ph":"X","ts":79911574438,"dur":40872,"pid":2,"tid":0},
{"name":"overlay_extra_grid_selectable","ph":"X","ts":79911574438,"dur":40872,"pid":2,"tid":0},
{"name":"Shader Compilation","ph":"X","ts":79911572021,"dur":43458,"pid":2,"tid":7},
{"name":"overlay_depth_gpencil_selectable","ph":"X","ts":79911572021,"dur":43458,"pid":2,"tid":7},
{"name":"Shader Compilation","ph":"X","ts":79911579969,"dur":35650,"pid":2,"tid":13},
{"name":"overlay_extra_groundline_selectable","ph":"X","ts":79911579969,"dur":35650,"pid":2,"tid":13},
{"name":"Shader Compilation","ph":"X","ts":79911572157,"dur":43510,"pid":2,"tid":5},
{"name":"overlay_depth_mesh_selectable","ph":"X","ts":79911572157,"dur":43510,"pid":2,"tid":5},
{"name":"Shader Compilation","ph":"X","ts":79911615628,"dur":6298,"pid":2,"tid":13},
{"name":"overlay_edit_lattice_wire","ph":"X","ts":79911615628,"dur":6298,"pid":2,"tid":13},
{"name":"Shader Compilation","ph":"X","ts":79911592131,"dur":34045,"pid":2,"tid":15},
{"name":"overlay_volume_gridlines_flags_selectable","ph":"X","ts":79911592131,"dur":34045,"pid":2,"tid":15},
{"name":"Shader Compilation","ph":"X","ts":79911615497,"dur":14073,"pid":2,"tid":7},
{"name":"overlay_edit_lattice_point","ph":"X","ts":79911615497,"dur":14073,"pid":2,"tid":7},
{"name":"Shader Compilation","ph":"X","ts":79911591009,"dur":39854,"pid":2,"tid":4},
{"name":"overlay_extra_point_selectable","ph":"X","ts":79911591009,"dur":39854,"pid":2,"tid":4},
{"name":"Shader Compilation","ph":"X","ts":79911591567,"dur":42155,"pid":2,"tid":2},
{"name":"overlay_extra_selectable","ph":"X","ts":79911591567,"dur":42155,"pid":2,"tid":2},
{"name":"Shader Compilation","ph":"X","ts":79911599401,"dur":34370,"pid":2,"tid":14},
{"name":"overlay_volume_velocity_mac_selectable","ph":"X","ts":79911599401,"dur":34370,"pid":2,"tid":14},
{"name":"Shader Compilation","ph":"X","ts":79911589887,"dur":44605,"pid":2,"tid":1},
{"name":"overlay_extra_loose_point_selectable","ph":"X","ts":79911589887,"dur":44605,"pid":2,"tid":1},
{"name":"Shader Compilation","ph":"X","ts":79911591934,"dur":44058,"pid":2,"tid":10},
{"name":"overlay_extra_wire_object_selectable","ph":"X","ts":79911591934,"dur":44058,"pid":2,"tid":10},
{"name":"Shader Compilation","ph":"X","ts":79911592702,"dur":43316,"pid":2,"tid":11},
{"name":"overlay_volume_gridlines_flat_selectable","ph":"X","ts":79911592702,"dur":43316,"pid":2,"tid":11},
{"name":"Shader Compilation","ph":"X","ts":79911610307,"dur":26562,"pid":2,"tid":12},
{"name":"overlay_grid_next","ph":"X","ts":79911610307,"dur":26562,"pid":2,"tid":12},
{"name":"Shader Compilation","ph":"X","ts":79911621943,"dur":16787,"pid":2,"tid":13},
{"name":"overlay_edit_curve_point","ph":"X","ts":79911621943,"dur":16787,"pid":2,"tid":13},
{"name":"Shader Compilation","ph":"X","ts":79911600168,"dur":39008,"pid":2,"tid":8},
{"name":"overlay_volume_velocity_needle_selectable","ph":"X","ts":79911600168,"dur":39008,"pid":2,"tid":8},
{"name":"Shader Compilation","ph":"X","ts":79911615676,"dur":23648,"pid":2,"tid":5},
{"name":"overlay_edit_curve_handle","ph":"X","ts":79911615676,"dur":23648,"pid":2,"tid":5},
{"name":"Shader Compilation","ph":"X","ts":79911600189,"dur":39542,"pid":2,"tid":6},
{"name":"overlay_volume_velocity_streamline_selectable","ph":"X","ts":79911600189,"dur":39542,"pid":2,"tid":6},
{"name":"Shader Compilation","ph":"X","ts":79911591985,"dur":50517,"pid":2,"tid":9},
{"name":"overlay_extra_wire_selectable","ph":"X","ts":79911591985,"dur":50517,"pid":2,"tid":9},
{"name":"Shader Compilation","ph":"X","ts":79911593759,"dur":48857,"pid":2,"tid":3},
{"name":"overlay_volume_gridlines_range_selectable","ph":"X","ts":79911593759,"dur":48857,"pid":2,"tid":3},
{"name":"Shader Compilation","ph":"X","ts":79911629595,"dur":14565,"pid":2,"tid":7},
{"name":"overlay_extra_spot_cone","ph":"X","ts":79911629595,"dur":14565,"pid":2,"tid":7},
{"name":"Shader Compilation","ph":"X","ts":79911626196,"dur":18462,"pid":2,"tid":15},
{"name":"overlay_edit_curve_wire","ph":"X","ts":79911626196,"dur":18462,"pid":2,"tid":15},
{"name":"Shader Compilation","ph":"X","ts":79911634503,"dur":13121,"pid":2,"tid":1},
{"name":"overlay_edit_mesh_face","ph":"X","ts":79911634503,"dur":13121,"pid":2,"tid":1},
{"name":"Shader Compilation","ph":"X","ts":79911639186,"dur":9846,"pid":2,"tid":8},
{"name":"overlay_motion_path_point","ph":"X","ts":79911639186,"dur":9846,"pid":2,"tid":8},
{"name":"Shader Compilation","ph":"X","ts":79911636027,"dur":13173,"pid":2,"tid":11},
{"name":"overlay_edit_mesh_skin_root","ph":"X","ts":79911636027,"dur":13173,"pid":2,"tid":11},
{"name":"Shader Compilation","ph":"X","ts":79911630875,"dur":19035,"pid":2,"tid":4},
{"name":"overlay_edit_mesh_analysis","ph":"X","ts":79911630875,"dur":19035,"pid":2,"tid":4},
{"name":"Shader Compilation","ph":"X","ts":79911642765,"dur":8468,"pid":2,"tid":3},
{"name":"overlay_outline_prepass_mesh","ph":"X","ts":79911642765,"dur":8468,"pid":2,"tid":3},
{"name":"Shader Compilation","ph":"X","ts":79911636881,"dur":15564,"pid":2,"tid":12},
{"name":"overlay_edit_mesh_vert","ph":"X","ts":79911636881,"dur":15564,"pid":2,"tid":12},
{"name":"Shader Compilation","ph":"X","ts":79911636010,"dur":16584,"pid":2,"tid":10},
{"name":"overlay_edit_mesh_facedot","ph":"X","ts":79911636010,"dur":16584,"pid":2,"tid":10},
{"name":"Shader Compilation","ph":"X","ts":79911633739,"dur":19207,"pid":2,"tid":2},
{"name":"overlay_edit_mesh_depth","ph":"X","ts":79911633739,"dur":19207,"pid":2,"tid":2},
{"name":"Shader Compilation","ph":"X","ts":79911615330,"dur":37977,"pid":2,"tid":0},
{"name":"overlay_image_depth_bias_selectable","ph":"X","ts":79911615330,"dur":37977,"pid":2,"tid":0},
{"name":"Shader Compilation","ph":"X","ts":79911633778,"dur":19720,"pid":2,"tid":14},
{"name":"overlay_edit_mesh_edge","ph":"X","ts":79911633778,"dur":19720,"pid":2,"tid":14},
{"name":"Shader Compilation","ph":"X","ts":79911638743,"dur":15076,"pid":2,"tid":13},
{"name":"overlay_motion_path_line","ph":"X","ts":79911638743,"dur":15076,"pid":2,"tid":13},
{"name":"Shader Compilation","ph":"X","ts":79911649923,"dur":6767,"pid":2,"tid":4},
{"name":"overlay_edit_particle_point","ph":"X","ts":79911649923,"dur":6767,"pid":2,"tid":4},
{"name":"Shader Compilation","ph":"X","ts":79911644175,"dur":12634,"pid":2,"tid":7},
{"name":"overlay_outline_prepass_pointcloud","ph":"X","ts":79911644175,"dur":12634,"pid":2,"tid":7},
{"name":"Shader Compilation","ph":"X","ts":79911652600,"dur":4515,"pid":2,"tid":10},
{"name":"overlay_edit_pointcloud","ph":"X","ts":79911652600,"dur":4515,"pid":2,"tid":10},
{"name":"Shader Compilation","ph":"X","ts":79911649208,"dur":8163,"pid":2,"tid":11},
{"name":"overlay_edit_particle_strand","ph":"X","ts":79911649208,"dur":8163,"pid":2,"tid":11},
{"name":"Shader Compilation","ph":"X","ts":79911639741,"dur":17861,"pid":2,"tid":6},
{"name":"overlay_outline_prepass_curves","ph":"X","ts":79911639741,"dur":17861,"pid":2,"tid":6},
{"name":"Shader Compilation","ph":"X","ts":79911644666,"dur":13023,"pid":2,"tid":15},
{"name":"overlay_outline_prepass_wire","ph":"X","ts":79911644666,"dur":13023,"pid":2,"tid":15},
{"name":"Shader Compilation","ph":"X","ts":79911639341,"dur":20512,"pid":2,"tid":5},
{"name":"overlay_outline_detect","ph":"X","ts":79911639341,"dur":20512,"pid":2,"tid":5},
{"name":"Shader Compilation","ph":"X","ts":79911642521,"dur":19916,"pid":2,"tid":9},
{"name":"overlay_outline_prepass_gpencil","ph":"X","ts":79911642521,"dur":19916,"pid":2,"tid":9},
{"name":"Shader Compilation","ph":"X","ts":79911652955,"dur":10334,"pid":2,"tid":2},
{"name":"overlay_uniform_color","ph":"X","ts":79911652955,"dur":10334,"pid":2,"tid":2},
{"name":"Shader Compilation","ph":"X","ts":79911647639,"dur":19206,"pid":2,"tid":1},
{"name":"overlay_paint_weight_fake_shading","ph":"X","ts":79911647639,"dur":19206,"pid":2,"tid":1},
{"name":"Shader Compilation","ph":"X","ts":79911653506,"dur":28025,"pid":2,"tid":14},
{"name":"overlay_wireframe_selectable","ph":"X","ts":79911653506,"dur":28025,"pid":2,"tid":14},
{"name":"Shader Compilation","ph":"X","ts":79911652458,"dur":29080,"pid":2,"tid":12},
{"name":"overlay_particle_shape_selectable","ph":"X","ts":79911652458,"dur":29080,"pid":2,"tid":12},
{"name":"Shader Compilation","ph":"X","ts":79911653828,"dur":27936,"pid":2,"tid":13},
{"name":"overlay_wireframe_points_selectable","ph":"X","ts":79911653828,"dur":27936,"pid":2,"tid":13},
{"name":"Shader Compilation","ph":"X","ts":79911649049,"dur":32800,"pid":2,"tid":8},
{"name":"Shader Compilation","ph":"X","ts":79911651246,"dur":30606,"pid":2,"tid":3},
{"name":"overlay_particle_dot_selectable","ph":"X","ts":79911649049,"dur":32800,"pid":2,"tid":8},
{"name":"overlay_particle_hair_selectable","ph":"X","ts":79911651246,"dur":30606,"pid":2,"tid":3},
{"name":"Shader Compilation","ph":"X","ts":79911653321,"dur":28540,"pid":2,"tid":0},
{"name":"overlay_wireframe_curve_selectable","ph":"X","ts":79911653321,"dur":28540,"pid":2,"tid":0}
]
